CREATE DATABASE  IF NOT EXISTS `db_ecommerce` /*!40100 DEFAULT CHARACTER SET utf8mb4 COLLATE utf8mb4_0900_ai_ci */ /*!80016 DEFAULT ENCRYPTION='N' */;
USE `db_ecommerce`;
-- MySQL dump 10.13  Distrib 8.0.36, for Win64 (x86_64)
--
-- Host: localhost    Database: db_ecommerce
-- ------------------------------------------------------
-- Server version	8.0.37

/*!40101 SET @OLD_CHARACTER_SET_CLIENT=@@CHARACTER_SET_CLIENT */;
/*!40101 SET @OLD_CHARACTER_SET_RESULTS=@@CHARACTER_SET_RESULTS */;
/*!40101 SET @OLD_COLLATION_CONNECTION=@@COLLATION_CONNECTION */;
/*!50503 SET NAMES utf8 */;
/*!40103 SET @OLD_TIME_ZONE=@@TIME_ZONE */;
/*!40103 SET TIME_ZONE='+00:00' */;
/*!40014 SET @OLD_UNIQUE_CHECKS=@@UNIQUE_CHECKS, UNIQUE_CHECKS=0 */;
/*!40014 SET @OLD_FOREIGN_KEY_CHECKS=@@FOREIGN_KEY_CHECKS, FOREIGN_KEY_CHECKS=0 */;
/*!40101 SET @OLD_SQL_MODE=@@SQL_MODE, SQL_MODE='NO_AUTO_VALUE_ON_ZERO' */;
/*!40111 SET @OLD_SQL_NOTES=@@SQL_NOTES, SQL_NOTES=0 */;

--
-- Table structure for table `admin`
--

DROP TABLE IF EXISTS `admin`;
/*!40101 SET @saved_cs_client     = @@character_set_client */;
/*!50503 SET character_set_client = utf8mb4 */;
CREATE TABLE `admin` (
  `id` int NOT NULL AUTO_INCREMENT,
  `nome` varchar(255) NOT NULL,
  `email` varchar(255) NOT NULL,
  `senha` varchar(255) NOT NULL,
  PRIMARY KEY (`id`),
  UNIQUE KEY `email` (`email`)
) ENGINE=InnoDB AUTO_INCREMENT=3 DEFAULT CHARSET=utf8mb4 COLLATE=utf8mb4_0900_ai_ci;
/*!40101 SET character_set_client = @saved_cs_client */;

--
-- Dumping data for table `admin`
--

LOCK TABLES `admin` WRITE;
/*!40000 ALTER TABLE `admin` DISABLE KEYS */;
INSERT INTO `admin` VALUES (1,'Admin Principal','admin@RPVstore.com','senha123'),(2,'Admin Secundário','admin2@RPVstore.com','senha456');
/*!40000 ALTER TABLE `admin` ENABLE KEYS */;
UNLOCK TABLES;

--
-- Table structure for table `carrinho`
--

DROP TABLE IF EXISTS `carrinho`;
/*!40101 SET @saved_cs_client     = @@character_set_client */;
/*!50503 SET character_set_client = utf8mb4 */;
CREATE TABLE `carrinho` (
  `id` int NOT NULL AUTO_INCREMENT,
  `comprador_id` int DEFAULT NULL,
  `produto_id` int DEFAULT NULL,
  `quantidade` int NOT NULL,
  PRIMARY KEY (`id`),
  KEY `comprador_id` (`comprador_id`),
  KEY `produto_id` (`produto_id`),
  CONSTRAINT `carrinho_ibfk_1` FOREIGN KEY (`comprador_id`) REFERENCES `compradores` (`id`),
  CONSTRAINT `carrinho_ibfk_2` FOREIGN KEY (`produto_id`) REFERENCES `produtos` (`id`)
) ENGINE=InnoDB AUTO_INCREMENT=5 DEFAULT CHARSET=utf8mb4 COLLATE=utf8mb4_0900_ai_ci;
/*!40101 SET character_set_client = @saved_cs_client */;

--
-- Dumping data for table `carrinho`
--

LOCK TABLES `carrinho` WRITE;
/*!40000 ALTER TABLE `carrinho` DISABLE KEYS */;
INSERT INTO `carrinho` VALUES (1,1,1,1),(2,1,3,1),(3,2,2,1),(4,2,4,1);
/*!40000 ALTER TABLE `carrinho` ENABLE KEYS */;
UNLOCK TABLES;

--
-- Table structure for table `cartoes`
--

DROP TABLE IF EXISTS `cartoes`;
/*!40101 SET @saved_cs_client     = @@character_set_client */;
/*!50503 SET character_set_client = utf8mb4 */;
CREATE TABLE `cartoes` (
  `id` int NOT NULL AUTO_INCREMENT,
  `comprador_id` int DEFAULT NULL,
  `tipo` enum('credito','debito') NOT NULL,
  `nome_titular` varchar(255) NOT NULL,
  `numero_cartao` varchar(20) NOT NULL,
  `validade` date NOT NULL,
  `cvv` varchar(4) NOT NULL,
  PRIMARY KEY (`id`),
  KEY `comprador_id` (`comprador_id`),
  CONSTRAINT `cartoes_ibfk_1` FOREIGN KEY (`comprador_id`) REFERENCES `compradores` (`id`)
) ENGINE=InnoDB AUTO_INCREMENT=3 DEFAULT CHARSET=utf8mb4 COLLATE=utf8mb4_0900_ai_ci;
/*!40101 SET character_set_client = @saved_cs_client */;

--
-- Dumping data for table `cartoes`
--

LOCK TABLES `cartoes` WRITE;
/*!40000 ALTER TABLE `cartoes` DISABLE KEYS */;
INSERT INTO `cartoes` VALUES (1,1,'credito','João da Silva','1234 5678 9012 3456','2025-12-31','123'),(2,2,'debito','Maria Oliveira','9876 5432 1098 7654','2024-06-30','321');
/*!40000 ALTER TABLE `cartoes` ENABLE KEYS */;
UNLOCK TABLES;

--
-- Table structure for table `categorias`
--

DROP TABLE IF EXISTS `categorias`;
/*!40101 SET @saved_cs_client     = @@character_set_client */;
/*!50503 SET character_set_client = utf8mb4 */;
CREATE TABLE `categorias` (
  `id` int NOT NULL AUTO_INCREMENT,
  `nome` varchar(255) NOT NULL,
  PRIMARY KEY (`id`)
) ENGINE=InnoDB AUTO_INCREMENT=6 DEFAULT CHARSET=utf8mb4 COLLATE=utf8mb4_0900_ai_ci;
/*!40101 SET character_set_client = @saved_cs_client */;

--
-- Dumping data for table `categorias`
--

LOCK TABLES `categorias` WRITE;
/*!40000 ALTER TABLE `categorias` DISABLE KEYS */;
INSERT INTO `categorias` VALUES (1,'Camisetas'),(2,'Calças'),(3,'Vestidos'),(4,'Sapatos'),(5,'Acessórios');
/*!40000 ALTER TABLE `categorias` ENABLE KEYS */;
UNLOCK TABLES;

--
-- Table structure for table `chats`
--

DROP TABLE IF EXISTS `chats`;
/*!40101 SET @saved_cs_client     = @@character_set_client */;
/*!50503 SET character_set_client = utf8mb4 */;
CREATE TABLE `chats` (
  `id` int NOT NULL AUTO_INCREMENT,
  `comprador_id` int DEFAULT NULL,
  `data_inicio` timestamp NULL DEFAULT CURRENT_TIMESTAMP,
  PRIMARY KEY (`id`),
  KEY `comprador_id` (`comprador_id`),
  CONSTRAINT `chats_ibfk_1` FOREIGN KEY (`comprador_id`) REFERENCES `compradores` (`id`)
) ENGINE=InnoDB DEFAULT CHARSET=utf8mb4 COLLATE=utf8mb4_0900_ai_ci;
/*!40101 SET character_set_client = @saved_cs_client */;

--
-- Dumping data for table `chats`
--

LOCK TABLES `chats` WRITE;
/*!40000 ALTER TABLE `chats` DISABLE KEYS */;
/*!40000 ALTER TABLE `chats` ENABLE KEYS */;
UNLOCK TABLES;

--
-- Table structure for table `compradores`
--

DROP TABLE IF EXISTS `compradores`;
/*!40101 SET @saved_cs_client     = @@character_set_client */;
/*!50503 SET character_set_client = utf8mb4 */;
CREATE TABLE `compradores` (
  `id` int NOT NULL AUTO_INCREMENT,
  `nome` varchar(255) NOT NULL,
  `email` varchar(255) NOT NULL,
  `senha` varchar(255) NOT NULL,
  `telefone` varchar(45) DEFAULT NULL,
  `cpf` varchar(20) DEFAULT NULL,
  PRIMARY KEY (`id`),
  UNIQUE KEY `email` (`email`),
  UNIQUE KEY `cpf_UNIQUE` (`cpf`)
) ENGINE=InnoDB AUTO_INCREMENT=3 DEFAULT CHARSET=utf8mb4 COLLATE=utf8mb4_0900_ai_ci;
/*!40101 SET character_set_client = @saved_cs_client */;

--
-- Dumping data for table `compradores`
--

LOCK TABLES `compradores` WRITE;
/*!40000 ALTER TABLE `compradores` DISABLE KEYS */;
INSERT INTO `compradores` VALUES (1,'João da Silva','joao.silva@gmail.com','senha789','11987654321','123.456.789-00'),(2,'Maria Oliveira','maria.oliveira@gmail.com','senha321','11987654322','987.654.321-00');
/*!40000 ALTER TABLE `compradores` ENABLE KEYS */;
UNLOCK TABLES;

--
-- Table structure for table `cupons`
--

DROP TABLE IF EXISTS `cupons`;
/*!40101 SET @saved_cs_client     = @@character_set_client */;
/*!50503 SET character_set_client = utf8mb4 */;
CREATE TABLE `cupons` (
  `id` int NOT NULL AUTO_INCREMENT,
  `codigo` varchar(50) NOT NULL,
  `desconto` decimal(5,2) NOT NULL,
  `data_validade` date NOT NULL,
  PRIMARY KEY (`id`),
  UNIQUE KEY `codigo` (`codigo`)
) ENGINE=InnoDB AUTO_INCREMENT=3 DEFAULT CHARSET=utf8mb4 COLLATE=utf8mb4_0900_ai_ci;
/*!40101 SET character_set_client = @saved_cs_client */;

--
-- Dumping data for table `cupons`
--

LOCK TABLES `cupons` WRITE;
/*!40000 ALTER TABLE `cupons` DISABLE KEYS */;
INSERT INTO `cupons` VALUES (1,'DESC10OFF',10.00,'2024-12-31'),(2,'SUMMER20',20.00,'2024-08-31');
/*!40000 ALTER TABLE `cupons` ENABLE KEYS */;
UNLOCK TABLES;

--
-- Table structure for table `enderecos`
--

DROP TABLE IF EXISTS `enderecos`;
/*!40101 SET @saved_cs_client     = @@character_set_client */;
/*!50503 SET character_set_client = utf8mb4 */;
CREATE TABLE `enderecos` (
  `id` int NOT NULL AUTO_INCREMENT,
  `comprador_id` int DEFAULT NULL,
  `endereco` varchar(255) NOT NULL,
  `cidade` varchar(100) NOT NULL,
  `estado` varchar(100) NOT NULL,
  `cep` varchar(20) NOT NULL,
  `pais` varchar(100) NOT NULL,
  PRIMARY KEY (`id`),
  KEY `comprador_id` (`comprador_id`),
  CONSTRAINT `enderecos_ibfk_1` FOREIGN KEY (`comprador_id`) REFERENCES `compradores` (`id`)
) ENGINE=InnoDB AUTO_INCREMENT=5 DEFAULT CHARSET=utf8mb4 COLLATE=utf8mb4_0900_ai_ci;
/*!40101 SET character_set_client = @saved_cs_client */;

--
-- Dumping data for table `enderecos`
--

LOCK TABLES `enderecos` WRITE;
/*!40000 ALTER TABLE `enderecos` DISABLE KEYS */;
INSERT INTO `enderecos` VALUES (1,1,'Rua das Flores, 123','São Paulo','SP','01234-567','Brasil'),(2,2,'Avenida das Américas, 456','Rio de Janeiro','RJ','12345-678','Brasil'),(3,1,'Rua das Flores, 123','São Paulo','SP','01234-567','Brasil'),(4,2,'Avenida das Américas, 456','Rio de Janeiro','RJ','12345-678','Brasil');
/*!40000 ALTER TABLE `enderecos` ENABLE KEYS */;
UNLOCK TABLES;

--
-- Table structure for table `historico_pedidos`
--

DROP TABLE IF EXISTS `historico_pedidos`;
/*!40101 SET @saved_cs_client     = @@character_set_client */;
/*!50503 SET character_set_client = utf8mb4 */;
CREATE TABLE `historico_pedidos` (
  `id` int NOT NULL AUTO_INCREMENT,
  `pedido_id` int DEFAULT NULL,
  `status` varchar(50) DEFAULT NULL,
  `data_status` timestamp NULL DEFAULT CURRENT_TIMESTAMP,
  PRIMARY KEY (`id`),
  KEY `pedido_id` (`pedido_id`),
  CONSTRAINT `historico_pedidos_ibfk_1` FOREIGN KEY (`pedido_id`) REFERENCES `pedidos` (`id`)
) ENGINE=InnoDB AUTO_INCREMENT=7 DEFAULT CHARSET=utf8mb4 COLLATE=utf8mb4_0900_ai_ci;
/*!40101 SET character_set_client = @saved_cs_client */;

--
-- Dumping data for table `historico_pedidos`
--

LOCK TABLES `historico_pedidos` WRITE;
/*!40000 ALTER TABLE `historico_pedidos` DISABLE KEYS */;
INSERT INTO `historico_pedidos` VALUES (5,1,'pendente','2024-06-27 22:29:58'),(6,2,'pendente','2024-06-27 22:29:58');
/*!40000 ALTER TABLE `historico_pedidos` ENABLE KEYS */;
UNLOCK TABLES;

--
-- Table structure for table `itens_pedido`
--

DROP TABLE IF EXISTS `itens_pedido`;
/*!40101 SET @saved_cs_client     = @@character_set_client */;
/*!50503 SET character_set_client = utf8mb4 */;
CREATE TABLE `itens_pedido` (
  `id` int NOT NULL AUTO_INCREMENT,
  `pedido_id` int DEFAULT NULL,
  `produto_id` int DEFAULT NULL,
  `quantidade` decimal(10,2) NOT NULL,
  `preco_unitario` decimal(10,2) NOT NULL,
  `desconto` decimal(5,2) NOT NULL DEFAULT '0.00',
  `total` decimal(10,2) GENERATED ALWAYS AS ((`quantidade` * (`preco_unitario` - ((`preco_unitario` * `desconto`) / 100)))) STORED,
  PRIMARY KEY (`id`),
  KEY `pedido_id` (`pedido_id`),
  KEY `produto_id` (`produto_id`),
  CONSTRAINT `itens_pedido_ibfk_1` FOREIGN KEY (`pedido_id`) REFERENCES `pedidos` (`id`),
  CONSTRAINT `itens_pedido_ibfk_2` FOREIGN KEY (`produto_id`) REFERENCES `produtos` (`id`)
) ENGINE=InnoDB AUTO_INCREMENT=5 DEFAULT CHARSET=utf8mb4 COLLATE=utf8mb4_0900_ai_ci;
/*!40101 SET character_set_client = @saved_cs_client */;

--
-- Dumping data for table `itens_pedido`
--

LOCK TABLES `itens_pedido` WRITE;
/*!40000 ALTER TABLE `itens_pedido` DISABLE KEYS */;
INSERT INTO `itens_pedido` (`id`, `pedido_id`, `produto_id`, `quantidade`, `preco_unitario`, `desconto`) VALUES (1,1,1,2.00,29.90,10.00),(2,1,3,1.00,129.90,0.00),(3,2,2,2.00,99.90,20.00),(4,2,4,1.00,179.90,0.00);
/*!40000 ALTER TABLE `itens_pedido` ENABLE KEYS */;
UNLOCK TABLES;

--
-- Table structure for table `mensagens`
--

DROP TABLE IF EXISTS `mensagens`;
/*!40101 SET @saved_cs_client     = @@character_set_client */;
/*!50503 SET character_set_client = utf8mb4 */;
CREATE TABLE `mensagens` (
  `id` int NOT NULL AUTO_INCREMENT,
  `chat_id` int DEFAULT NULL,
  `remetente` enum('comprador','admin') NOT NULL,
  `mensagem` text NOT NULL,
  `data_envio` timestamp NULL DEFAULT CURRENT_TIMESTAMP,
  PRIMARY KEY (`id`),
  KEY `chat_id` (`chat_id`),
  CONSTRAINT `mensagens_ibfk_1` FOREIGN KEY (`chat_id`) REFERENCES `chats` (`id`)
) ENGINE=InnoDB DEFAULT CHARSET=utf8mb4 COLLATE=utf8mb4_0900_ai_ci;
/*!40101 SET character_set_client = @saved_cs_client */;

--
-- Dumping data for table `mensagens`
--

LOCK TABLES `mensagens` WRITE;
/*!40000 ALTER TABLE `mensagens` DISABLE KEYS */;
/*!40000 ALTER TABLE `mensagens` ENABLE KEYS */;
UNLOCK TABLES;

--
-- Table structure for table `pedidos`
--

DROP TABLE IF EXISTS `pedidos`;
/*!40101 SET @saved_cs_client     = @@character_set_client */;
/*!50503 SET character_set_client = utf8mb4 */;
CREATE TABLE `pedidos` (
  `id` int NOT NULL AUTO_INCREMENT,
  `comprador_id` int DEFAULT NULL,
  `data_pedido` timestamp NULL DEFAULT CURRENT_TIMESTAMP,
  `total` decimal(10,2) DEFAULT NULL,
  `forma_pagamento` varchar(50) DEFAULT NULL,
  `status` varchar(50) DEFAULT 'pendente',
  `endereco_id` int DEFAULT NULL,
  `cupom_id` int DEFAULT NULL,
  `frete` decimal(10,2) DEFAULT NULL,
  PRIMARY KEY (`id`),
  KEY `comprador_id` (`comprador_id`),
  KEY `endereco_id` (`endereco_id`),
  KEY `cupom_id` (`cupom_id`),
  CONSTRAINT `pedidos_ibfk_1` FOREIGN KEY (`comprador_id`) REFERENCES `compradores` (`id`),
  CONSTRAINT `pedidos_ibfk_2` FOREIGN KEY (`endereco_id`) REFERENCES `enderecos` (`id`),
  CONSTRAINT `pedidos_ibfk_3` FOREIGN KEY (`cupom_id`) REFERENCES `cupons` (`id`)
) ENGINE=InnoDB AUTO_INCREMENT=3 DEFAULT CHARSET=utf8mb4 COLLATE=utf8mb4_0900_ai_ci;
/*!40101 SET character_set_client = @saved_cs_client */;

--
-- Dumping data for table `pedidos`
--

LOCK TABLES `pedidos` WRITE;
/*!40000 ALTER TABLE `pedidos` DISABLE KEYS */;
INSERT INTO `pedidos` VALUES (1,1,'2024-06-27 22:29:36',159.80,'cartao','pendente',1,1,10.00),(2,2,'2024-06-27 22:29:36',239.80,'cartao','pendente',2,2,15.00);
/*!40000 ALTER TABLE `pedidos` ENABLE KEYS */;
UNLOCK TABLES;

--
-- Table structure for table `produtos`
--

DROP TABLE IF EXISTS `produtos`;
/*!40101 SET @saved_cs_client     = @@character_set_client */;
/*!50503 SET character_set_client = utf8mb4 */;
CREATE TABLE `produtos` (
  `id` int NOT NULL AUTO_INCREMENT,
  `nome` varchar(255) NOT NULL,
  `preco` decimal(10,2) NOT NULL,
  `descricao_detalhada` text,
  `imagem` varchar(255) DEFAULT NULL,
  `qnt_estoque` decimal(10,2) NOT NULL,
  `categoria_id` int DEFAULT NULL,
  PRIMARY KEY (`id`),
  KEY `categoria_id` (`categoria_id`),
  CONSTRAINT `produtos_ibfk_2` FOREIGN KEY (`categoria_id`) REFERENCES `categorias` (`id`)
) ENGINE=InnoDB AUTO_INCREMENT=6 DEFAULT CHARSET=utf8mb4 COLLATE=utf8mb4_0900_ai_ci;
/*!40101 SET character_set_client = @saved_cs_client */;

--
-- Dumping data for table `produtos`
--

LOCK TABLES `produtos` WRITE;
/*!40000 ALTER TABLE `produtos` DISABLE KEYS */;
INSERT INTO `produtos` VALUES (1,'Camiseta Básica Preta',29.90,'Camiseta básica preta em algodão','https://example.com/camiseta-preta.jpg',100.00,1),(2,'Calça Jeans Slim Azul',99.90,'Calça jeans slim azul com lavagem tradicional','https://example.com/calca-jeans.jpg',50.00,2),(3,'Vestido Floral Primavera',129.90,'Vestido floral estampado para primavera','https://example.com/vestido-floral.jpg',30.00,3),(4,'Sapato Social Preto',179.90,'Sapato social preto em couro legítimo','https://example.com/sapato-preto.jpg',20.00,4),(5,'Colar Prata com Pingente',49.90,'Colar prata com pingente delicado','https://example.com/colar-prata.jpg',80.00,5);
/*!40000 ALTER TABLE `produtos` ENABLE KEYS */;
UNLOCK TABLES;

--
-- Table structure for table `promocoes`
--

DROP TABLE IF EXISTS `promocoes`;
/*!40101 SET @saved_cs_client     = @@character_set_client */;
/*!50503 SET character_set_client = utf8mb4 */;
CREATE TABLE `promocoes` (
  `id` int NOT NULL AUTO_INCREMENT,
  `produto_id` int DEFAULT NULL,
  `desconto` decimal(5,2) NOT NULL,
  `data_inicio` date NOT NULL,
  `data_fim` date NOT NULL,
  PRIMARY KEY (`id`),
  KEY `produto_id` (`produto_id`),
  CONSTRAINT `promocoes_ibfk_1` FOREIGN KEY (`produto_id`) REFERENCES `produtos` (`id`)
) ENGINE=InnoDB AUTO_INCREMENT=3 DEFAULT CHARSET=utf8mb4 COLLATE=utf8mb4_0900_ai_ci;
/*!40101 SET character_set_client = @saved_cs_client */;

--
-- Dumping data for table `promocoes`
--

LOCK TABLES `promocoes` WRITE;
/*!40000 ALTER TABLE `promocoes` DISABLE KEYS */;
INSERT INTO `promocoes` VALUES (1,1,10.00,'2024-07-01','2024-07-31'),(2,2,20.00,'2024-08-01','2024-08-31');
/*!40000 ALTER TABLE `promocoes` ENABLE KEYS */;
UNLOCK TABLES;
/*!40103 SET TIME_ZONE=@OLD_TIME_ZONE */;

/*!40101 SET SQL_MODE=@OLD_SQL_MODE */;
/*!40014 SET FOREIGN_KEY_CHECKS=@OLD_FOREIGN_KEY_CHECKS */;
/*!40014 SET UNIQUE_CHECKS=@OLD_UNIQUE_CHECKS */;
/*!40101 SET CHARACTER_SET_CLIENT=@OLD_CHARACTER_SET_CLIENT */;
/*!40101 SET CHARACTER_SET_RESULTS=@OLD_CHARACTER_SET_RESULTS */;
/*!40101 SET COLLATION_CONNECTION=@OLD_COLLATION_CONNECTION */;
/*!40111 SET SQL_NOTES=@OLD_SQL_NOTES */;

-- Dump completed on 2024-06-27 20:00:14
